revision;file;nodeIdentifier1;nodeIdentifier2
/home/arthur/analysis/projects/glide/revisions/rev_42dde93_058ef77/rev_42dde93-058ef77.revisions;/samples/flickr/src/com/bumptech/flickr/FlickrSearchActivity.java;private View searchLoading;private View searchLoading
/home/arthur/analysis/projects/glide/revisions/rev_42dde93_058ef77/rev_42dde93-058ef77.revisions;/samples/flickr/src/com/bumptech/flickr/api/Api.java;public void onSearchFailed(Exception e);public void onSearchFailed(Exception e)
/home/arthur/analysis/projects/retrolambda/revisions/rev_757247b_52364bc/rev_757247b-52364bc.revisions;/retrolambda/src/main/java/net/orfjackal/retrolambda/interfaces/UpdateRelocatedMethodInvocations.java;public UpdateRelocatedMethodInvocations(ClassVisitor next, ClassAnalyzer analyzer) ;public UpdateRelocatedMethodInvocations(ClassVisitor next, ClassAnalyzer analyzer) 
/home/arthur/analysis/projects/retrolambda/revisions/rev_757247b_52364bc/rev_757247b-52364bc.revisions;/retrolambda/src/main/java/net/orfjackal/retrolambda/interfaces/AddMethodDefaultImplementations.java;public AddMethodDefaultImplementations(ClassVisitor next, ClassAnalyzer analyzer) ;public AddMethodDefaultImplementations(ClassVisitor next, ClassAnalyzer analyzer) 
/home/arthur/analysis/projects/retrolambda/revisions/rev_757247b_52364bc/rev_757247b-52364bc.revisions;/end-to-end-tests/src/test/java/net/orfjackal/retrolambda/test/anotherpackage/DifferentPackageBase.java;protected static String value() ;protected static String value() 
/home/arthur/analysis/projects/retrolambda/revisions/rev_757247b_52364bc/rev_757247b-52364bc.revisions;/retrolambda/src/main/java/net/orfjackal/retrolambda/interfaces/MethodInfo.java;public final int access;public final int access
/home/arthur/analysis/projects/retrolambda/revisions/rev_757247b_52364bc/rev_757247b-52364bc.revisions;/retrolambda/src/main/java/net/orfjackal/retrolambda/interfaces/MethodInfo.java;public MethodInfo(int access, int tag, MethodSignature signature, Type owner, MethodKind kind) ;public MethodInfo(int access, int tag, MethodSignature signature, Type owner, MethodKind kind) 
/home/arthur/analysis/projects/glide/revisions/rev_e161ca9_7e0f873/rev_e161ca9-7e0f873.revisions;/library/src/main/java/com/bumptech/glide/load/model/LazyHeaderFactory.java;String buildHeader();String buildHeader()
/home/arthur/analysis/projects/glide/revisions/rev_e161ca9_7e0f873/rev_e161ca9-7e0f873.revisions;/library/src/androidTest/java/com/bumptech/glide/util/ContentLengthInputStreamTest.java;@RunWith(RobolectricTestRunner.class)@Config(manifest ;@RunWith(RobolectricTestRunner.class)@Config(manifest 
/home/arthur/analysis/projects/glide/revisions/rev_e161ca9_7e0f873/rev_e161ca9-7e0f873.revisions;/library/src/androidTest/java/com/bumptech/glide/util/ContentLengthInputStreamTest.java;@Mock InputStream wrapped;@Mock InputStream wrapped
/home/arthur/analysis/projects/glide/revisions/rev_e161ca9_7e0f873/rev_e161ca9-7e0f873.revisions;/library/src/androidTest/java/com/bumptech/glide/util/ContentLengthInputStreamTest.java;@Before  public void setUp() ;@Before  public void setUp() 
/home/arthur/analysis/projects/glide/revisions/rev_e161ca9_7e0f873/rev_e161ca9-7e0f873.revisions;/library/src/androidTest/java/com/bumptech/glide/util/ContentLengthInputStreamTest.java;@Test  public void testAvailable_withZeroReadsAndValidContentLength_returnsContentLength()      throws IOException ;@Test  public void testAvailable_withZeroReadsAndValidContentLength_returnsContentLength()      throws IOException 
/home/arthur/analysis/projects/glide/revisions/rev_e161ca9_7e0f873/rev_e161ca9-7e0f873.revisions;/library/src/androidTest/java/com/bumptech/glide/util/ContentLengthInputStreamTest.java;@Test  public void testAvailable_withNullContentLength_returnsWrappedAvailable()      throws IOException ;@Test  public void testAvailable_withNullContentLength_returnsWrappedAvailable()      throws IOException 
/home/arthur/analysis/projects/glide/revisions/rev_e161ca9_7e0f873/rev_e161ca9-7e0f873.revisions;/library/src/androidTest/java/com/bumptech/glide/util/ContentLengthInputStreamTest.java;@Test  public void testAvailable_withInvalidContentLength_returnsWrappedAvailable() throws IOException ;@Test  public void testAvailable_withInvalidContentLength_returnsWrappedAvailable() throws IOException 
/home/arthur/analysis/projects/glide/revisions/rev_e161ca9_7e0f873/rev_e161ca9-7e0f873.revisions;/library/src/androidTest/java/com/bumptech/glide/util/ContentLengthInputStreamTest.java;@Test  public void testAvailable_withRead_returnsContentLengthOffsetByRead() throws IOException ;@Test  public void testAvailable_withRead_returnsContentLengthOffsetByRead() throws IOException 
/home/arthur/analysis/projects/glide/revisions/rev_e161ca9_7e0f873/rev_e161ca9-7e0f873.revisions;/library/src/androidTest/java/com/bumptech/glide/util/ContentLengthInputStreamTest.java;@Test  public void testAvailable_handlesReadValueOfZero() throws IOException ;@Test  public void testAvailable_handlesReadValueOfZero() throws IOException 
/home/arthur/analysis/projects/glide/revisions/rev_e161ca9_7e0f873/rev_e161ca9-7e0f873.revisions;/library/src/androidTest/java/com/bumptech/glide/util/ContentLengthInputStreamTest.java;@Test  public void testAvailable_withReadBytes_returnsContentLengthOffsetByNumberOfBytes()      throws IOException ;@Test  public void testAvailable_withReadBytes_returnsContentLengthOffsetByNumberOfBytes()      throws IOException 
/home/arthur/analysis/projects/glide/revisions/rev_e161ca9_7e0f873/rev_e161ca9-7e0f873.revisions;/library/src/androidTest/java/com/bumptech/glide/util/ContentLengthInputStreamTest.java;@Test  public void testRead_whenReturnsLessThanZeroWithoutReadingAllContent_throwsIOException()      throws IOException ;@Test  public void testRead_whenReturnsLessThanZeroWithoutReadingAllContent_throwsIOException()      throws IOException 
/home/arthur/analysis/projects/glide/revisions/rev_e161ca9_7e0f873/rev_e161ca9-7e0f873.revisions;/library/src/androidTest/java/com/bumptech/glide/util/ContentLengthInputStreamTest.java;@Test  public void testReadBytes_whenReturnsLessThanZeroWithoutReadingAllContent_throwsIOException()      throws IOException ;@Test  public void testReadBytes_whenReturnsLessThanZeroWithoutReadingAllContent_throwsIOException()      throws IOException 
/home/arthur/analysis/projects/glide/revisions/rev_e161ca9_7e0f873/rev_e161ca9-7e0f873.revisions;/library/src/androidTest/java/com/bumptech/glide/util/ContentLengthInputStreamTest.java;@Test  public void testRead_whenReturnsLessThanZeroWithInvalidLength_doesNotThrow() throws IOException ;@Test  public void testRead_whenReturnsLessThanZeroWithInvalidLength_doesNotThrow() throws IOException 
/home/arthur/analysis/projects/glide/revisions/rev_e161ca9_7e0f873/rev_e161ca9-7e0f873.revisions;/library/src/androidTest/java/com/bumptech/glide/util/ContentLengthInputStreamTest.java;@Test  public void testReadBytes_whenReturnsLessThanZeroWithInvalidLength_doesNotThrow()      throws IOException ;@Test  public void testReadBytes_whenReturnsLessThanZeroWithInvalidLength_doesNotThrow()      throws IOException 
/home/arthur/analysis/projects/glide/revisions/rev_e161ca9_7e0f873/rev_e161ca9-7e0f873.revisions;/library/src/androidTest/java/com/bumptech/glide/load/model/LazyHeadersTest.java;@RunWith(RobolectricTestRunner.class)@Config(manifest ;@RunWith(RobolectricTestRunner.class)@Config(manifest 
/home/arthur/analysis/projects/glide/revisions/rev_e161ca9_7e0f873/rev_e161ca9-7e0f873.revisions;/library/src/androidTest/java/com/bumptech/glide/load/model/LazyHeadersTest.java;@Test    public void testIncludesEagerHeaders() ;@Test    public void testIncludesEagerHeaders() 
/home/arthur/analysis/projects/glide/revisions/rev_e161ca9_7e0f873/rev_e161ca9-7e0f873.revisions;/library/src/androidTest/java/com/bumptech/glide/load/model/LazyHeadersTest.java;@Test    public void testIncludesLazyHeaders() ;@Test    public void testIncludesLazyHeaders() 
/home/arthur/analysis/projects/glide/revisions/rev_e161ca9_7e0f873/rev_e161ca9-7e0f873.revisions;/library/src/androidTest/java/com/bumptech/glide/load/model/LazyHeadersTest.java;@Test    public void testMultipleEagerValuesAreSeparatedByCommas() ;@Test    public void testMultipleEagerValuesAreSeparatedByCommas() 
/home/arthur/analysis/projects/glide/revisions/rev_e161ca9_7e0f873/rev_e161ca9-7e0f873.revisions;/library/src/androidTest/java/com/bumptech/glide/load/model/LazyHeadersTest.java;@Test    public void testMultipleLazyValuesAreSeparatedByCommas() ;@Test    public void testMultipleLazyValuesAreSeparatedByCommas() 
/home/arthur/analysis/projects/glide/revisions/rev_e161ca9_7e0f873/rev_e161ca9-7e0f873.revisions;/library/src/androidTest/java/com/bumptech/glide/load/model/LazyHeadersTest.java;@Test    public void testMixedEagerAndLazyValuesAreIncluded() ;@Test    public void testMixedEagerAndLazyValuesAreIncluded() 
/home/arthur/analysis/projects/glide/revisions/rev_e161ca9_7e0f873/rev_e161ca9-7e0f873.revisions;/library/src/androidTest/java/com/bumptech/glide/load/model/LazyHeadersTest.java;@Test    public void testCanAddMultipleKeys() ;@Test    public void testCanAddMultipleKeys() 
/home/arthur/analysis/projects/glide/revisions/rev_e161ca9_7e0f873/rev_e161ca9-7e0f873.revisions;/library/src/androidTest/java/com/bumptech/glide/load/model/LazyHeadersTest.java;@Test    public void testUpdatingBuilderAfterBuildingDoesNotModifyOriginalHeaders() ;@Test    public void testUpdatingBuilderAfterBuildingDoesNotModifyOriginalHeaders() 
/home/arthur/analysis/projects/glide/revisions/rev_e161ca9_7e0f873/rev_e161ca9-7e0f873.revisions;/library/src/androidTest/java/com/bumptech/glide/load/model/LazyHeadersTest.java;@Test    public void testEquals() ;@Test    public void testEquals() 
/home/arthur/analysis/projects/glide/revisions/rev_e161ca9_7e0f873/rev_e161ca9-7e0f873.revisions;/library/src/androidTest/java/com/bumptech/glide/load/data/HttpUrlFetcherTest.java;@RunWith(RobolectricTestRunner.class)@Config(manifest ;@RunWith(RobolectricTestRunner.class)@Config(manifest 
/home/arthur/analysis/projects/glide/revisions/rev_e161ca9_7e0f873/rev_e161ca9-7e0f873.revisions;/library/src/main/java/com/bumptech/glide/load/engine/cache/DiskLruCacheWrapper.java;private synchronized void resetDiskCache() ;private synchronized void resetDiskCache() 
/home/arthur/analysis/projects/glide/revisions/rev_e161ca9_7e0f873/rev_e161ca9-7e0f873.revisions;/library/src/main/java/com/bumptech/glide/manager/EmptyRequestManagerTreeNode.java;@Override    public Set<RequestManager> getDescendants() ;@Override    public Set<RequestManager> getDescendants() 
/home/arthur/analysis/projects/glide/revisions/rev_e161ca9_7e0f873/rev_e161ca9-7e0f873.revisions;/integration/volley/src/main/java/com/bumptech/glide/integration/volley/VolleyStreamFetcher.java;private final Map<String, String> headers;private final Map<String, String> headers
/home/arthur/analysis/projects/glide/revisions/rev_e161ca9_7e0f873/rev_e161ca9-7e0f873.revisions;/integration/volley/src/main/java/com/bumptech/glide/integration/volley/VolleyStreamFetcher.java;@Override        public Map<String, String> getHeaders() throws AuthFailureError ;@Override    public Map<String, String> getHeaders() throws AuthFailureError 
/home/arthur/analysis/projects/glide/revisions/rev_e161ca9_7e0f873/rev_e161ca9-7e0f873.revisions;/library/src/androidTest/java/com/bumptech/glide/load/resource/bitmap/ImageHeaderParserTest.java;@RunWith(RobolectricTestRunner.class)@Config(manifest ;@RunWith(RobolectricTestRunner.class)@Config(manifest 
/home/arthur/analysis/projects/glide/revisions/rev_e161ca9_7e0f873/rev_e161ca9-7e0f873.revisions;/library/src/androidTest/java/com/bumptech/glide/load/resource/bitmap/ImageHeaderParserTest.java;@Test    public void testHandlesPartialReads() throws IOException ;@Test  public void testHandlesPartialReads() throws IOException 
/home/arthur/analysis/projects/glide/revisions/rev_e161ca9_7e0f873/rev_e161ca9-7e0f873.revisions;/library/src/androidTest/java/com/bumptech/glide/load/resource/bitmap/ImageHeaderParserTest.java;@Test    public void testHandlesPartialSkips() throws IOException ;@Test  public void testHandlesPartialSkips() throws IOException 
/home/arthur/analysis/projects/glide/revisions/rev_e161ca9_7e0f873/rev_e161ca9-7e0f873.revisions;/library/src/androidTest/java/com/bumptech/glide/load/resource/bitmap/ImageHeaderParserTest.java;@Test    public void testHandlesSometimesZeroSkips() throws IOException ;@Test  public void testHandlesSometimesZeroSkips() throws IOException 
/home/arthur/analysis/projects/glide/revisions/rev_e161ca9_7e0f873/rev_e161ca9-7e0f873.revisions;/library/src/androidTest/java/com/bumptech/glide/load/resource/bitmap/ImageHeaderParserTest.java;  private static class SometimesZeroSkipInputStream extends FilterInputStream ; private static class SometimesZeroSkipInputStream extends FilterInputStream 
/home/arthur/analysis/projects/glide/revisions/rev_e161ca9_7e0f873/rev_e161ca9-7e0f873.revisions;/library/src/androidTest/java/com/bumptech/glide/load/resource/bitmap/ImageHeaderParserTest.java;boolean returnZeroFlag ;boolean returnZeroFlag 
/home/arthur/analysis/projects/glide/revisions/rev_e161ca9_7e0f873/rev_e161ca9-7e0f873.revisions;/library/src/androidTest/java/com/bumptech/glide/load/resource/bitmap/ImageHeaderParserTest.java;protected SometimesZeroSkipInputStream(InputStream in) ;protected SometimesZeroSkipInputStream(InputStream in) 
/home/arthur/analysis/projects/glide/revisions/rev_e161ca9_7e0f873/rev_e161ca9-7e0f873.revisions;/library/src/androidTest/java/com/bumptech/glide/load/resource/bitmap/ImageHeaderParserTest.java;@Override        public long skip(long byteCount) throws IOException ;@Override    public long skip(long byteCount) throws IOException 
/home/arthur/analysis/projects/glide/revisions/rev_e161ca9_7e0f873/rev_e161ca9-7e0f873.revisions;/library/src/androidTest/java/com/bumptech/glide/load/resource/bitmap/ImageHeaderParserTest.java;  private static class PartialSkipInputStream extends FilterInputStream ; private static class PartialSkipInputStream extends FilterInputStream 
/home/arthur/analysis/projects/glide/revisions/rev_e161ca9_7e0f873/rev_e161ca9-7e0f873.revisions;/library/src/androidTest/java/com/bumptech/glide/load/resource/bitmap/ImageHeaderParserTest.java;protected PartialSkipInputStream(InputStream in) ;protected PartialSkipInputStream(InputStream in) 
/home/arthur/analysis/projects/glide/revisions/rev_e161ca9_7e0f873/rev_e161ca9-7e0f873.revisions;/library/src/androidTest/java/com/bumptech/glide/load/resource/bitmap/ImageHeaderParserTest.java;  private static class PartialReadInputStream extends FilterInputStream ; private static class PartialReadInputStream extends FilterInputStream 
/home/arthur/analysis/projects/glide/revisions/rev_e161ca9_7e0f873/rev_e161ca9-7e0f873.revisions;/library/src/androidTest/java/com/bumptech/glide/load/resource/bitmap/ImageHeaderParserTest.java;protected PartialReadInputStream(InputStream in) ;protected PartialReadInputStream(InputStream in) 
/home/arthur/analysis/projects/glide/revisions/rev_e161ca9_7e0f873/rev_e161ca9-7e0f873.revisions;/library/src/androidTest/java/com/bumptech/glide/load/resource/bitmap/ImageHeaderParserTest.java;@Override        public int read(byte[] buffer, int byteOffset, int byteCount) throws IOException ;@Override    public int read(byte[] buffer, int byteOffset, int byteCount) throws IOException 
/home/arthur/analysis/projects/okio/revisions/rev_89e1341_c8a36a6/rev_89e1341-c8a36a6.revisions;/okhttp-protocols/src/main/java/com/squareup/okhttp/internal/bytes/GzipSource.java;private void consumeTrailer() throws IOException ;private void consumeTrailer() throws IOException 
/home/arthur/analysis/projects/grpc-java/revisions/rev_977c3d1_24a9f39/rev_977c3d1-24a9f39.revisions;/core/src/test/java/io/grpc/transport/AbstractStreamTest.java;@Mock private StreamListener streamListener;@Mock private StreamListener streamListener
/home/arthur/analysis/projects/grpc-java/revisions/rev_977c3d1_24a9f39/rev_977c3d1-24a9f39.revisions;/core/src/test/java/io/grpc/transport/AbstractStreamTest.java;@Before  public void setUp() ;@Before  public void setUp() 
/home/arthur/analysis/projects/grpc-java/revisions/rev_977c3d1_24a9f39/rev_977c3d1-24a9f39.revisions;/core/src/test/java/io/grpc/transport/AbstractStreamTest.java;@Test  public void onStreamAllocated_shouldNotifyReady() ;@Test  public void onStreamAllocated_shouldNotifyReady() 
/home/arthur/analysis/projects/grpc-java/revisions/rev_977c3d1_24a9f39/rev_977c3d1-24a9f39.revisions;/core/src/test/java/io/grpc/transport/AbstractStreamTest.java;@Test  public void validPhaseTransitions() ;@Test  public void validPhaseTransitions() 
/home/arthur/analysis/projects/grpc-java/revisions/rev_977c3d1_24a9f39/rev_977c3d1-24a9f39.revisions;/core/src/test/java/io/grpc/transport/AbstractStreamTest.java; /**  * Base class for testing.  */ private class AbstractStreamBase <IdT> extends AbstractStream<IdT> ; /**  * Base class for testing.  */ private class AbstractStreamBase <IdT> extends AbstractStream<IdT> 
/home/arthur/analysis/projects/grpc-java/revisions/rev_977c3d1_24a9f39/rev_977c3d1-24a9f39.revisions;/core/src/test/java/io/grpc/transport/AbstractStreamTest.java;private AbstractStreamBase(WritableBufferAllocator bufferAllocator) ;private AbstractStreamBase(WritableBufferAllocator bufferAllocator) 
/home/arthur/analysis/projects/grpc-java/revisions/rev_977c3d1_24a9f39/rev_977c3d1-24a9f39.revisions;/core/src/test/java/io/grpc/transport/AbstractStreamTest.java;@Override    public void request(int numMessages) ;@Override    public void request(int numMessages) 
/home/arthur/analysis/projects/grpc-java/revisions/rev_977c3d1_24a9f39/rev_977c3d1-24a9f39.revisions;/core/src/test/java/io/grpc/transport/AbstractStreamTest.java;@Override    @Nullable    public IdT id() ;@Override    @Nullable    public IdT id() 
/home/arthur/analysis/projects/grpc-java/revisions/rev_977c3d1_24a9f39/rev_977c3d1-24a9f39.revisions;/core/src/test/java/io/grpc/transport/AbstractStreamTest.java;@Override    protected StreamListener listener() ;@Override    protected StreamListener listener() 
/home/arthur/analysis/projects/grpc-java/revisions/rev_977c3d1_24a9f39/rev_977c3d1-24a9f39.revisions;/core/src/test/java/io/grpc/transport/AbstractStreamTest.java;@Override    protected void internalSendFrame(WritableBuffer frame, boolean endOfStream, boolean flush) ;@Override    protected void internalSendFrame(WritableBuffer frame, boolean endOfStream, boolean flush) 
/home/arthur/analysis/projects/grpc-java/revisions/rev_977c3d1_24a9f39/rev_977c3d1-24a9f39.revisions;/core/src/test/java/io/grpc/transport/AbstractStreamTest.java;@Override    protected void receiveMessage(InputStream is) ;@Override    protected void receiveMessage(InputStream is) 
/home/arthur/analysis/projects/grpc-java/revisions/rev_977c3d1_24a9f39/rev_977c3d1-24a9f39.revisions;/core/src/test/java/io/grpc/transport/AbstractStreamTest.java;@Override    protected void inboundDeliveryPaused() ;@Override    protected void inboundDeliveryPaused() 
/home/arthur/analysis/projects/grpc-java/revisions/rev_977c3d1_24a9f39/rev_977c3d1-24a9f39.revisions;/core/src/test/java/io/grpc/transport/AbstractStreamTest.java;@Override    protected void remoteEndClosed() ;@Override    protected void remoteEndClosed() 
/home/arthur/analysis/projects/grpc-java/revisions/rev_977c3d1_24a9f39/rev_977c3d1-24a9f39.revisions;/core/src/test/java/io/grpc/transport/AbstractStreamTest.java;@Override    protected void returnProcessedBytes(int processedBytes) ;@Override    protected void returnProcessedBytes(int processedBytes) 
/home/arthur/analysis/projects/grpc-java/revisions/rev_977c3d1_24a9f39/rev_977c3d1-24a9f39.revisions;/core/src/test/java/io/grpc/transport/AbstractStreamTest.java;@Override    protected void deframeFailed(Throwable cause) ;@Override    protected void deframeFailed(Throwable cause) 
/home/arthur/analysis/projects/grpc-java/revisions/rev_977c3d1_24a9f39/rev_977c3d1-24a9f39.revisions;/core/src/main/java/io/grpc/transport/AbstractStream.java;@VisibleForTesting  final void notifyIfReady() ;@VisibleForTesting  final void notifyIfReady() 
/home/arthur/analysis/projects/java/revisions/rev_35c7f03_449a6c6/rev_35c7f03-449a6c6.revisions;/java/srcPubnubApi/com/pubnub/api/PubnubUtilCore.java;public static synchronized String hashTableKeysToDelimitedString(        Hashtable ht, String delimiter, String exclude) ;public static synchronized String hashTableKeysToDelimitedString(        Hashtable ht, String delimiter, String exclude) 
/home/arthur/analysis/projects/java/revisions/rev_1bc188b_0fadf3d/rev_1bc188b-0fadf3d.revisions;/java/examples/eclipse_project_console/src1/com/pubnub/api/PubnubUtil.java;public static String[] splitString(String source, String delimiter) ;public static String[] splitString(String source, String delimiter) 
/home/arthur/analysis/projects/java/revisions/rev_1bc188b_0fadf3d/rev_1bc188b-0fadf3d.revisions;/j2me/src1/com/pubnub/api/PubnubUtil.java;public static String[] splitString(String source, String delimiter) ;public static String[] splitString(String source, String delimiter) 
/home/arthur/analysis/projects/java/revisions/rev_1bc188b_0fadf3d/rev_1bc188b-0fadf3d.revisions;/j2me/src1/com/pubnub/api/PubnubUtil.java;public static String joinString(String[] sourceArray, String delimiter) ;public static String joinString(String[] sourceArray, String delimiter) 
/home/arthur/analysis/projects/java/revisions/rev_1bc188b_0fadf3d/rev_1bc188b-0fadf3d.revisions;/java/src1/com/pubnub/api/PubnubUtil.java;public static String[] splitString(String source, String delimiter) ;public static String[] splitString(String source, String delimiter) 
/home/arthur/analysis/projects/java/revisions/rev_1bc188b_0fadf3d/rev_1bc188b-0fadf3d.revisions;/scala/scala-pubnub-tests/java/src1/com/pubnub/api/PubnubUtil.java;public static String[] splitString(String source, String delimiter) ;public static String[] splitString(String source, String delimiter) 
/home/arthur/analysis/projects/java/revisions/rev_45c9719_e3860f0/rev_45c9719-e3860f0.revisions;/src/main/java/com/pubnub/api/PubNubError.java;public static final int PNERR_GROUP_MISSING ;public static final int PNERR_GROUP_MISSING 
/home/arthur/analysis/projects/java/revisions/rev_45c9719_e3860f0/rev_45c9719-e3860f0.revisions;/src/main/java/com/pubnub/api/PubNubError.java;public static final int PNERR_AUTH_KEYS_MISSING ;public static final int PNERR_AUTH_KEYS_MISSING 
/home/arthur/analysis/projects/java/revisions/rev_45c9719_e3860f0/rev_45c9719-e3860f0.revisions;/src/main/java/com/pubnub/api/PubNubError.java;public static final int PNERR_SUBSCRIBE_KEY_MISSING ;public static final int PNERR_SUBSCRIBE_KEY_MISSING 
/home/arthur/analysis/projects/java/revisions/rev_45c9719_e3860f0/rev_45c9719-e3860f0.revisions;/src/main/java/com/pubnub/api/PubNubError.java;public static final int PNERR_PUBLISH_KEY_MISSING ;public static final int PNERR_PUBLISH_KEY_MISSING 
/home/arthur/analysis/projects/java/revisions/rev_45c9719_e3860f0/rev_45c9719-e3860f0.revisions;/src/main/java/com/pubnub/api/PubNubError.java;public static final int PNERR_STATE_MISSING ;public static final int PNERR_STATE_MISSING 
/home/arthur/analysis/projects/java/revisions/rev_45c9719_e3860f0/rev_45c9719-e3860f0.revisions;/src/main/java/com/pubnub/api/PubNubError.java;public static final int PNERR_CHANNEL_AND_GROUP_MISSING ;public static final int PNERR_CHANNEL_AND_GROUP_MISSING 
/home/arthur/analysis/projects/java/revisions/rev_45c9719_e3860f0/rev_45c9719-e3860f0.revisions;/src/main/java/com/pubnub/api/PubNubError.java;public static final int PNERR_MESSAGE_MISSING ;public static final int PNERR_MESSAGE_MISSING 
/home/arthur/analysis/projects/java/revisions/rev_45c9719_e3860f0/rev_45c9719-e3860f0.revisions;/src/main/java/com/pubnub/api/PubNubError.java;public static final int PNERR_PUSH_TYPE_MISSING ;public static final int PNERR_PUSH_TYPE_MISSING 
/home/arthur/analysis/projects/java/revisions/rev_45c9719_e3860f0/rev_45c9719-e3860f0.revisions;/src/main/java/com/pubnub/api/PubNubError.java;public static final int PNERR_DEVICE_ID_MISSING ;public static final int PNERR_DEVICE_ID_MISSING 
/home/arthur/analysis/projects/java/revisions/rev_45c9719_e3860f0/rev_45c9719-e3860f0.revisions;/src/main/java/com/pubnub/api/PubNubError.java;public static final PubNubError PNERROBJ_SUBSCRIBE_KEY_MISSING ;public static final PubNubError PNERROBJ_SUBSCRIBE_KEY_MISSING 
/home/arthur/analysis/projects/java/revisions/rev_45c9719_e3860f0/rev_45c9719-e3860f0.revisions;/src/main/java/com/pubnub/api/PubNubError.java;public static final PubNubError PNERROBJ_PUBLISH_KEY_MISSING ;public static final PubNubError PNERROBJ_PUBLISH_KEY_MISSING 
/home/arthur/analysis/projects/java/revisions/rev_45c9719_e3860f0/rev_45c9719-e3860f0.revisions;/src/main/java/com/pubnub/api/PubNubError.java;public static final PubNubError PNERROBJ_STATE_MISSING ;public static final PubNubError PNERROBJ_STATE_MISSING 
/home/arthur/analysis/projects/java/revisions/rev_45c9719_e3860f0/rev_45c9719-e3860f0.revisions;/src/main/java/com/pubnub/api/PubNubError.java;public static final PubNubError PNERROBJ_MESSAGE_MISSING ;public static final PubNubError PNERROBJ_MESSAGE_MISSING 
/home/arthur/analysis/projects/java/revisions/rev_45c9719_e3860f0/rev_45c9719-e3860f0.revisions;/src/main/java/com/pubnub/api/PubNubError.java;public static final PubNubError PNERROBJ_PUSH_TYPE_MISSING ;public static final PubNubError PNERROBJ_PUSH_TYPE_MISSING 
/home/arthur/analysis/projects/java/revisions/rev_45c9719_e3860f0/rev_45c9719-e3860f0.revisions;/src/main/java/com/pubnub/api/PubNubError.java;public static final PubNubError PNERROBJ_DEVICE_ID_MISSING ;public static final PubNubError PNERROBJ_DEVICE_ID_MISSING 
/home/arthur/analysis/projects/java/revisions/rev_45c9719_e3860f0/rev_45c9719-e3860f0.revisions;/src/main/java/com/pubnub/api/PubNubError.java;public static final PubNubError PNERROBJ_GROUP_MISSING ;public static final PubNubError PNERROBJ_GROUP_MISSING 
/home/arthur/analysis/projects/java/revisions/rev_45c9719_e3860f0/rev_45c9719-e3860f0.revisions;/src/main/java/com/pubnub/api/PubNubError.java;public static final PubNubError PNERROBJ_CHANNEL_AND_GROUP_MISSING ;public static final PubNubError PNERROBJ_CHANNEL_AND_GROUP_MISSING 
/home/arthur/analysis/projects/java/revisions/rev_45c9719_e3860f0/rev_45c9719-e3860f0.revisions;/src/main/java/com/pubnub/api/PubNubError.java;public static final PubNubError PNERROBJ_AUTH_KEYS_MISSING ;public static final PubNubError PNERROBJ_AUTH_KEYS_MISSING 
/home/arthur/analysis/projects/ExoPlayer/revisions/rev_12807a7_fb36f85/rev_12807a7-fb36f85.revisions;/library/src/main/java/com/google/android/exoplayer/hls/HlsPlaylistParser.java;private static final String METHOD_NONE ;private static final String METHOD_NONE 
/home/arthur/analysis/projects/ExoPlayer/revisions/rev_12807a7_fb36f85/rev_12807a7-fb36f85.revisions;/library/src/main/java/com/google/android/exoplayer/hls/HlsPlaylistParser.java;private static final String METHOD_AES128 ;private static final String METHOD_AES128 
/home/arthur/analysis/projects/ExoPlayer/revisions/rev_12807a7_fb36f85/rev_12807a7-fb36f85.revisions;/library/src/main/java/com/google/android/exoplayer/hls/HlsMediaPlaylist.java;public final boolean isEncrypted;public final boolean isEncrypted
/home/arthur/analysis/projects/ExoPlayer/revisions/rev_12807a7_fb36f85/rev_12807a7-fb36f85.revisions;/library/src/main/java/com/google/android/exoplayer/hls/HlsMediaPlaylist.java;public Segment(String uri, double durationSecs, boolean discontinuity, long startTimeUs,        boolean isEncrypted, String encryptionKeyUri, String encryptionIV, int byterangeOffset,        int byterangeLength) ;public Segment(String uri, double durationSecs, boolean discontinuity, long startTimeUs,        boolean isEncrypted, String encryptionKeyUri, String encryptionIV, int byterangeOffset,        int byterangeLength) 
/home/arthur/analysis/projects/ExoPlayer/revisions/rev_9208c65_6c5af23/rev_9208c65-6c5af23.revisions;/library/src/main/java/com/google/android/exoplayer/util/MimeTypes.java;public static final String AUDIO_MPEG ;public static final String AUDIO_MPEG 
/home/arthur/analysis/projects/ExoPlayer/revisions/rev_aed45bb_39082d1/rev_aed45bb-39082d1.revisions;/library/src/main/java/com/google/android/exoplayer/util/Ac3Util.java;private static final int[] SAMPLE_RATES = new int[] ;private static final int[] SAMPLE_RATES = new int[] 
/home/arthur/analysis/projects/ExoPlayer/revisions/rev_aed45bb_39082d1/rev_aed45bb-39082d1.revisions;/library/src/main/java/com/google/android/exoplayer/util/Ac3Util.java;private static final int[] CHANNEL_COUNTS = new int[] ;private static final int[] CHANNEL_COUNTS = new int[] 
/home/arthur/analysis/projects/ExoPlayer/revisions/rev_aed45bb_39082d1/rev_aed45bb-39082d1.revisions;/library/src/main/java/com/google/android/exoplayer/util/Ac3Util.java;private static final int[] BITRATES = new int[] ;private static final int[] BITRATES = new int[] 
/home/arthur/analysis/projects/ExoPlayer/revisions/rev_aed45bb_39082d1/rev_aed45bb-39082d1.revisions;/library/src/main/java/com/google/android/exoplayer/util/Ac3Util.java;private static final int[] FRMSIZECOD_TO_FRAME_SIZE_44_1 = new int[] ;private static final int[] FRMSIZECOD_TO_FRAME_SIZE_44_1 = new int[] 
/home/arthur/analysis/projects/ExoPlayer/revisions/rev_aed45bb_39082d1/rev_aed45bb-39082d1.revisions;/library/src/main/java/com/google/android/exoplayer/util/Ac3Util.java;public static MediaFormat parseAnnexFAc3Format(ParsableByteArray data) ;public static MediaFormat parseAnnexFAc3Format(ParsableByteArray data) 
/home/arthur/analysis/projects/ExoPlayer/revisions/rev_aed45bb_39082d1/rev_aed45bb-39082d1.revisions;/library/src/main/java/com/google/android/exoplayer/util/Ac3Util.java;public static MediaFormat parseAnnexFEAc3Format(ParsableByteArray data) ;public static MediaFormat parseAnnexFEAc3Format(ParsableByteArray data) 
/home/arthur/analysis/projects/ExoPlayer/revisions/rev_aed45bb_39082d1/rev_aed45bb-39082d1.revisions;/library/src/main/java/com/google/android/exoplayer/util/Ac3Util.java;public static MediaFormat parseFrameAc3Format(ParsableBitArray data) ;public static MediaFormat parseFrameAc3Format(ParsableBitArray data) 
/home/arthur/analysis/projects/ExoPlayer/revisions/rev_aed45bb_39082d1/rev_aed45bb-39082d1.revisions;/library/src/main/java/com/google/android/exoplayer/util/Ac3Util.java;public static int parseFrameSize(ParsableBitArray data) ;public static int parseFrameSize(ParsableBitArray data) 
/home/arthur/analysis/projects/ExoPlayer/revisions/rev_aed45bb_39082d1/rev_aed45bb-39082d1.revisions;/library/src/main/java/com/google/android/exoplayer/util/Ac3Util.java;private Ac3Util() ;private Ac3Util() 
/home/arthur/analysis/projects/ExoPlayer/revisions/rev_aed45bb_39082d1/rev_aed45bb-39082d1.revisions;/library/src/main/java/com/google/android/exoplayer/extractor/ts/Ac3Reader.java;private static final int STATE_FINDING_SYNC ;private static final int STATE_FINDING_SYNC 
/home/arthur/analysis/projects/ExoPlayer/revisions/rev_aed45bb_39082d1/rev_aed45bb-39082d1.revisions;/library/src/main/java/com/google/android/exoplayer/extractor/ts/Ac3Reader.java;private static final int STATE_READING_HEADER ;private static final int STATE_READING_HEADER 
/home/arthur/analysis/projects/ExoPlayer/revisions/rev_aed45bb_39082d1/rev_aed45bb-39082d1.revisions;/library/src/main/java/com/google/android/exoplayer/extractor/ts/Ac3Reader.java;private static final int STATE_READING_SAMPLE ;private static final int STATE_READING_SAMPLE 
/home/arthur/analysis/projects/ExoPlayer/revisions/rev_aed45bb_39082d1/rev_aed45bb-39082d1.revisions;/library/src/main/java/com/google/android/exoplayer/extractor/ts/Ac3Reader.java;private static final int HEADER_SIZE ;private static final int HEADER_SIZE 
/home/arthur/analysis/projects/ExoPlayer/revisions/rev_aed45bb_39082d1/rev_aed45bb-39082d1.revisions;/library/src/main/java/com/google/android/exoplayer/extractor/ts/Ac3Reader.java;private final ParsableBitArray headerScratchBits;private final ParsableBitArray headerScratchBits
/home/arthur/analysis/projects/ExoPlayer/revisions/rev_aed45bb_39082d1/rev_aed45bb-39082d1.revisions;/library/src/main/java/com/google/android/exoplayer/extractor/ts/Ac3Reader.java;private final ParsableByteArray headerScratchBytes;private final ParsableByteArray headerScratchBytes
/home/arthur/analysis/projects/ExoPlayer/revisions/rev_aed45bb_39082d1/rev_aed45bb-39082d1.revisions;/library/src/main/java/com/google/android/exoplayer/extractor/ts/Ac3Reader.java;private int state;private int state
/home/arthur/analysis/projects/ExoPlayer/revisions/rev_aed45bb_39082d1/rev_aed45bb-39082d1.revisions;/library/src/main/java/com/google/android/exoplayer/extractor/ts/Ac3Reader.java;private int bytesRead;private int bytesRead
/home/arthur/analysis/projects/ExoPlayer/revisions/rev_aed45bb_39082d1/rev_aed45bb-39082d1.revisions;/library/src/main/java/com/google/android/exoplayer/extractor/ts/Ac3Reader.java;private boolean lastByteWas0B;private boolean lastByteWas0B
/home/arthur/analysis/projects/ExoPlayer/revisions/rev_aed45bb_39082d1/rev_aed45bb-39082d1.revisions;/library/src/main/java/com/google/android/exoplayer/extractor/ts/Ac3Reader.java;private long frameDurationUs;private long frameDurationUs
/home/arthur/analysis/projects/ExoPlayer/revisions/rev_aed45bb_39082d1/rev_aed45bb-39082d1.revisions;/library/src/main/java/com/google/android/exoplayer/extractor/ts/Ac3Reader.java;private MediaFormat mediaFormat;private MediaFormat mediaFormat
/home/arthur/analysis/projects/ExoPlayer/revisions/rev_aed45bb_39082d1/rev_aed45bb-39082d1.revisions;/library/src/main/java/com/google/android/exoplayer/extractor/ts/Ac3Reader.java;private int sampleSize;private int sampleSize
/home/arthur/analysis/projects/ExoPlayer/revisions/rev_aed45bb_39082d1/rev_aed45bb-39082d1.revisions;/library/src/main/java/com/google/android/exoplayer/extractor/ts/Ac3Reader.java;private long timeUs;private long timeUs
/home/arthur/analysis/projects/ExoPlayer/revisions/rev_aed45bb_39082d1/rev_aed45bb-39082d1.revisions;/library/src/main/java/com/google/android/exoplayer/extractor/ts/Ac3Reader.java;public Ac3Reader(TrackOutput output) ;public Ac3Reader(TrackOutput output) 
/home/arthur/analysis/projects/ExoPlayer/revisions/rev_aed45bb_39082d1/rev_aed45bb-39082d1.revisions;/library/src/main/java/com/google/android/exoplayer/extractor/ts/Ac3Reader.java;public void seek() ;public void seek() 
/home/arthur/analysis/projects/ExoPlayer/revisions/rev_aed45bb_39082d1/rev_aed45bb-39082d1.revisions;/library/src/main/java/com/google/android/exoplayer/extractor/ts/Ac3Reader.java;@Override  public void consume(ParsableByteArray data, long pesTimeUs, boolean startOfPacket) ;@Override  public void consume(ParsableByteArray data, long pesTimeUs, boolean startOfPacket) 
/home/arthur/analysis/projects/ExoPlayer/revisions/rev_aed45bb_39082d1/rev_aed45bb-39082d1.revisions;/library/src/main/java/com/google/android/exoplayer/extractor/ts/Ac3Reader.java;@Override  public void packetFinished() ;@Override  public void packetFinished() 
/home/arthur/analysis/projects/ExoPlayer/revisions/rev_aed45bb_39082d1/rev_aed45bb-39082d1.revisions;/library/src/main/java/com/google/android/exoplayer/extractor/ts/Ac3Reader.java;private boolean continueRead(ParsableByteArray source, byte[] target, int targetLength) ;private boolean continueRead(ParsableByteArray source, byte[] target, int targetLength) 
/home/arthur/analysis/projects/ExoPlayer/revisions/rev_aed45bb_39082d1/rev_aed45bb-39082d1.revisions;/library/src/main/java/com/google/android/exoplayer/extractor/ts/Ac3Reader.java;private boolean skipToNextSync(ParsableByteArray pesBuffer) ;private boolean skipToNextSync(ParsableByteArray pesBuffer) 
/home/arthur/analysis/projects/ExoPlayer/revisions/rev_aed45bb_39082d1/rev_aed45bb-39082d1.revisions;/library/src/main/java/com/google/android/exoplayer/extractor/ts/Ac3Reader.java;private void parseHeader() ;private void parseHeader() 
/home/arthur/analysis/projects/ExoPlayer/revisions/rev_aed45bb_39082d1/rev_aed45bb-39082d1.revisions;/library/src/main/java/com/google/android/exoplayer/extractor/ts/TsExtractor.java;private static final int TS_STREAM_TYPE_ATSC_AC3 ;private static final int TS_STREAM_TYPE_ATSC_AC3 
/home/arthur/analysis/projects/ExoPlayer/revisions/rev_aed45bb_39082d1/rev_aed45bb-39082d1.revisions;/library/src/main/java/com/google/android/exoplayer/extractor/ts/TsExtractor.java;private static final int TS_STREAM_TYPE_DVB_AC3 ;private static final int TS_STREAM_TYPE_DVB_AC3 
/home/arthur/analysis/projects/java/revisions/rev_53e6287_5f2334a/rev_53e6287-5f2334a.revisions;/src/test/java/com/pubnub/api/managers/SubscriptionManagerTest.java;@Test    public void testSubscribeWithEncryption() ;@Test    public void testSubscribeWithEncryption() 
/home/arthur/analysis/projects/java/revisions/rev_53e6287_5f2334a/rev_53e6287-5f2334a.revisions;/src/test/java/com/pubnub/api/managers/SubscriptionManagerTest.java;@Test    public void testSubscribeWithEncryptionPNOther() ;@Test    public void testSubscribeWithEncryptionPNOther() 
/home/arthur/analysis/projects/java/revisions/rev_6a231a5_e0957ee/rev_6a231a5-e0957ee.revisions;/src/test/java/com/pubnub/api/managers/SubscriptionManagerTest.java;@Test    public void testNamingSubscribeChannelGroupBuilder() ;@Test    public void testNamingSubscribeChannelGroupBuilder() 
/home/arthur/analysis/projects/java/revisions/rev_6a231a5_e0957ee/rev_6a231a5-e0957ee.revisions;/src/test/java/com/pubnub/api/managers/SubscriptionManagerTest.java;@Test    public void testPresenceSubscribeBuilder() ;@Test    public void testPresenceSubscribeBuilder() 
/home/arthur/analysis/projects/java/revisions/rev_6a231a5_e0957ee/rev_6a231a5-e0957ee.revisions;/src/test/java/com/pubnub/api/managers/SubscriptionManagerTest.java;@Test    public void testPresenceChannelGroupSubscribeBuilder() ;@Test    public void testPresenceChannelGroupSubscribeBuilder() 
/home/arthur/analysis/projects/java/revisions/rev_6a231a5_e0957ee/rev_6a231a5-e0957ee.revisions;/src/test/java/com/pubnub/api/PubNubTest.java;@org.junit.Test    public void getVersionAndTimeStamp() throws PubNubException ;@org.junit.Test    public void getVersionAndTimeStamp() throws PubNubException 
/home/arthur/analysis/projects/java/revisions/rev_6a231a5_e0957ee/rev_6a231a5-e0957ee.revisions;/src/test/java/com/pubnub/api/endpoints/pubsub/SubscribeEndpointTest.java;@org.junit.Test    public void stopAndReconnect() throws PubNubException ;@org.junit.Test    public void stopAndReconnect() throws PubNubException 
/home/arthur/analysis/projects/java/revisions/rev_6a231a5_e0957ee/rev_6a231a5-e0957ee.revisions;/src/test/java/com/pubnub/api/endpoints/pubsub/TestPojo.java;String field1;String field1
/home/arthur/analysis/projects/java/revisions/rev_6a231a5_e0957ee/rev_6a231a5-e0957ee.revisions;/src/test/java/com/pubnub/api/endpoints/pubsub/TestPojo.java;String field2;String field2
/home/arthur/analysis/projects/ExoPlayer/revisions/rev_a1d5626_d15da1f/rev_a1d5626-d15da1f.revisions;/extensions/vp9/src/main/java/com/google/android/exoplayer/ext/vp9/LibvpxVideoTrackRenderer.java;public static final int MSG_SET_OUTPUT_BUFFER_RENDERER ;public static final int MSG_SET_OUTPUT_BUFFER_RENDERER 
/home/arthur/analysis/projects/ExoPlayer/revisions/rev_a1d5626_d15da1f/rev_a1d5626-d15da1f.revisions;/extensions/vp9/src/main/java/com/google/android/exoplayer/ext/vp9/LibvpxVideoTrackRenderer.java;private VpxOutputBuffer renderedOutputBuffer;private VpxOutputBuffer renderedOutputBuffer
/home/arthur/analysis/projects/ExoPlayer/revisions/rev_a1d5626_d15da1f/rev_a1d5626-d15da1f.revisions;/extensions/vp9/src/main/java/com/google/android/exoplayer/ext/vp9/LibvpxVideoTrackRenderer.java;private VpxOutputBufferRenderer outputBufferRenderer;private VpxOutputBufferRenderer outputBufferRenderer
/home/arthur/analysis/projects/ExoPlayer/revisions/rev_a1d5626_d15da1f/rev_a1d5626-d15da1f.revisions;/extensions/vp9/src/main/java/com/google/android/exoplayer/ext/vp9/LibvpxVideoTrackRenderer.java;private void releaseOutputBuffer(VpxOutputBuffer buffer) throws VpxDecoderException ;private void releaseOutputBuffer(VpxOutputBuffer buffer) throws VpxDecoderException 
/home/arthur/analysis/projects/ExoPlayer/revisions/rev_a1d5626_d15da1f/rev_a1d5626-d15da1f.revisions;/extensions/vp9/src/main/java/com/google/android/exoplayer/ext/vp9/LibvpxVideoTrackRenderer.java;private void renderRgbFrame(VpxOutputBuffer outputBuffer, boolean scale) ;private void renderRgbFrame(VpxOutputBuffer outputBuffer, boolean scale) 
/home/arthur/analysis/projects/ExoPlayer/revisions/rev_a1d5626_d15da1f/rev_a1d5626-d15da1f.revisions;/extensions/vp9/src/main/java/com/google/android/exoplayer/ext/vp9/LibvpxVideoTrackRenderer.java;private void setOutputBufferRenderer(VpxOutputBufferRenderer outputBufferRenderer) ;private void setOutputBufferRenderer(VpxOutputBufferRenderer outputBufferRenderer) 
/home/arthur/analysis/projects/ExoPlayer/revisions/rev_a1d5626_d15da1f/rev_a1d5626-d15da1f.revisions;/extensions/vp9/src/main/java/com/google/android/exoplayer/ext/vp9/LibvpxVideoTrackRenderer.java;private void notifyIfVideoSizeChanged(final VpxOutputBuffer outputBuffer) ;private void notifyIfVideoSizeChanged(final VpxOutputBuffer outputBuffer) 
/home/arthur/analysis/projects/ExoPlayer/revisions/rev_a1d5626_d15da1f/rev_a1d5626-d15da1f.revisions;/extensions/vp9/src/main/java/com/google/android/exoplayer/ext/vp9/VpxVideoSurfaceView.java;@Override  public void setOutputBuffer(VpxOutputBuffer outputBuffer) ;@Override  public void setOutputBuffer(VpxOutputBuffer outputBuffer) 
/home/arthur/analysis/projects/ExoPlayer/revisions/rev_a1d5626_d15da1f/rev_a1d5626-d15da1f.revisions;/extensions/vp9/src/main/java/com/google/android/exoplayer/ext/vp9/VpxDecoder.java;public int decode(ByteBuffer encoded, int size, VpxOutputBuffer outputBuffer)      throws VpxDecoderException ;public int decode(ByteBuffer encoded, int size, VpxOutputBuffer outputBuffer)      throws VpxDecoderException 
/home/arthur/analysis/projects/ExoPlayer/revisions/rev_a1d5626_d15da1f/rev_a1d5626-d15da1f.revisions;/extensions/vp9/src/main/java/com/google/android/exoplayer/ext/vp9/VpxDecoder.java;private native int vpxGetFrame(long context, VpxOutputBuffer outputBuffer);private native int vpxGetFrame(long context, VpxOutputBuffer outputBuffer)
/home/arthur/analysis/projects/ExoPlayer/revisions/rev_a1d5626_d15da1f/rev_a1d5626-d15da1f.revisions;/extensions/vp9/src/main/java/com/google/android/exoplayer/ext/vp9/VpxOutputBuffer.java;public static final int COLORSPACE_UNKNOWN ;public static final int COLORSPACE_UNKNOWN 
/home/arthur/analysis/projects/ExoPlayer/revisions/rev_a1d5626_d15da1f/rev_a1d5626-d15da1f.revisions;/extensions/vp9/src/main/java/com/google/android/exoplayer/ext/vp9/VpxOutputBuffer.java;public static final int COLORSPACE_BT601 ;public static final int COLORSPACE_BT601 
/home/arthur/analysis/projects/ExoPlayer/revisions/rev_a1d5626_d15da1f/rev_a1d5626-d15da1f.revisions;/extensions/vp9/src/main/java/com/google/android/exoplayer/ext/vp9/VpxOutputBuffer.java;public static final int COLORSPACE_BT709 ;public static final int COLORSPACE_BT709 
/home/arthur/analysis/projects/ExoPlayer/revisions/rev_a1d5626_d15da1f/rev_a1d5626-d15da1f.revisions;/extensions/vp9/src/main/java/com/google/android/exoplayer/ext/vp9/VpxOutputBuffer.java;public ByteBuffer data;public ByteBuffer data
/home/arthur/analysis/projects/ExoPlayer/revisions/rev_a1d5626_d15da1f/rev_a1d5626-d15da1f.revisions;/extensions/vp9/src/main/java/com/google/android/exoplayer/ext/vp9/VpxOutputBuffer.java;public long timestampUs;public long timestampUs
/home/arthur/analysis/projects/ExoPlayer/revisions/rev_a1d5626_d15da1f/rev_a1d5626-d15da1f.revisions;/extensions/vp9/src/main/java/com/google/android/exoplayer/ext/vp9/VpxOutputBuffer.java;public int width;public int width
/home/arthur/analysis/projects/ExoPlayer/revisions/rev_a1d5626_d15da1f/rev_a1d5626-d15da1f.revisions;/extensions/vp9/src/main/java/com/google/android/exoplayer/ext/vp9/VpxOutputBuffer.java;public int height;public int height
/home/arthur/analysis/projects/ExoPlayer/revisions/rev_a1d5626_d15da1f/rev_a1d5626-d15da1f.revisions;/extensions/vp9/src/main/java/com/google/android/exoplayer/ext/vp9/VpxOutputBuffer.java;public int flags;public int flags
/home/arthur/analysis/projects/ExoPlayer/revisions/rev_a1d5626_d15da1f/rev_a1d5626-d15da1f.revisions;/extensions/vp9/src/main/java/com/google/android/exoplayer/ext/vp9/VpxOutputBuffer.java;public ByteBuffer[] yuvPlanes;public ByteBuffer[] yuvPlanes
/home/arthur/analysis/projects/ExoPlayer/revisions/rev_a1d5626_d15da1f/rev_a1d5626-d15da1f.revisions;/extensions/vp9/src/main/java/com/google/android/exoplayer/ext/vp9/VpxOutputBuffer.java;public int[] yuvStrides;public int[] yuvStrides
/home/arthur/analysis/projects/ExoPlayer/revisions/rev_a1d5626_d15da1f/rev_a1d5626-d15da1f.revisions;/extensions/vp9/src/main/java/com/google/android/exoplayer/ext/vp9/VpxOutputBuffer.java;public int mode;public int mode
/home/arthur/analysis/projects/ExoPlayer/revisions/rev_a1d5626_d15da1f/rev_a1d5626-d15da1f.revisions;/extensions/vp9/src/main/java/com/google/android/exoplayer/ext/vp9/VpxOutputBuffer.java;public int colorspace;public int colorspace
/home/arthur/analysis/projects/ExoPlayer/revisions/rev_a1d5626_d15da1f/rev_a1d5626-d15da1f.revisions;/extensions/vp9/src/main/java/com/google/android/exoplayer/ext/vp9/VpxOutputBuffer.java;public void initForRgbFrame(int width, int height) ;public void initForRgbFrame(int width, int height) 
/home/arthur/analysis/projects/ExoPlayer/revisions/rev_a1d5626_d15da1f/rev_a1d5626-d15da1f.revisions;/extensions/vp9/src/main/java/com/google/android/exoplayer/ext/vp9/VpxOutputBuffer.java;public void initForYuvFrame(int width, int height, int yStride, int uvStride, int colorspace) ;public void initForYuvFrame(int width, int height, int yStride, int uvStride, int colorspace) 
/home/arthur/analysis/projects/ExoPlayer/revisions/rev_a1d5626_d15da1f/rev_a1d5626-d15da1f.revisions;/extensions/vp9/src/main/java/com/google/android/exoplayer/ext/vp9/VpxRenderer.java;private static final float[] kColorConversion601 = ;private static final float[] kColorConversion601 = 
/home/arthur/analysis/projects/ExoPlayer/revisions/rev_a1d5626_d15da1f/rev_a1d5626-d15da1f.revisions;/extensions/vp9/src/main/java/com/google/android/exoplayer/ext/vp9/VpxRenderer.java;private static final float[] kColorConversion709 = ;private static final float[] kColorConversion709 = 
/home/arthur/analysis/projects/ExoPlayer/revisions/rev_a1d5626_d15da1f/rev_a1d5626-d15da1f.revisions;/extensions/vp9/src/main/java/com/google/android/exoplayer/ext/vp9/VpxRenderer.java;private int colorMatrixLocation;private int colorMatrixLocation
/home/arthur/analysis/projects/ExoPlayer/revisions/rev_a1d5626_d15da1f/rev_a1d5626-d15da1f.revisions;/extensions/vp9/src/main/java/com/google/android/exoplayer/ext/vp9/VpxRenderer.java;public synchronized void setFrame(VpxOutputBuffer outputBuffer) ;public synchronized void setFrame(VpxOutputBuffer outputBuffer) 
/home/arthur/analysis/projects/ExoPlayer/revisions/rev_a1d5626_d15da1f/rev_a1d5626-d15da1f.revisions;/extensions/vp9/src/main/java/com/google/android/exoplayer/ext/vp9/VpxOutputBufferRenderer.java;void setOutputBuffer(VpxOutputBuffer outputBuffer);void setOutputBuffer(VpxOutputBuffer outputBuffer)
/home/arthur/analysis/projects/ExoPlayer/revisions/rev_69a42b6_6b59975/rev_69a42b6-6b59975.revisions;/library/src/main/java/com/google/android/exoplayer/text/SubtitleParser.java;public Subtitle parse(byte[] bytes, int offset, int length) throws ParserException;public Subtitle parse(byte[] bytes, int offset, int length) throws ParserException
/home/arthur/analysis/projects/ExoPlayer/revisions/rev_69a42b6_6b59975/rev_69a42b6-6b59975.revisions;/library/src/main/java/com/google/android/exoplayer/text/tx3g/Tx3gParser.java;@Override  public Subtitle parse(byte[] bytes, int offset, int length) ;@Override  public Subtitle parse(byte[] bytes, int offset, int length) 
/home/arthur/analysis/projects/ExoPlayer/revisions/rev_69a42b6_6b59975/rev_69a42b6-6b59975.revisions;/library/src/main/java/com/google/android/exoplayer/util/ParsableByteArray.java;public String readLine() ;public String readLine() 
/home/arthur/analysis/projects/ExoPlayer/revisions/rev_69a42b6_6b59975/rev_69a42b6-6b59975.revisions;/library/src/androidTest/java/com/google/android/exoplayer/testutil/TestUtil.java;public static byte[] getByteArray(Instrumentation instrumentation, String fileName)      throws IOException ;public static byte[] getByteArray(Instrumentation instrumentation, String fileName)      throws IOException 
/home/arthur/analysis/projects/ExoPlayer/revisions/rev_69a42b6_6b59975/rev_69a42b6-6b59975.revisions;/library/src/androidTest/java/com/google/android/exoplayer/util/ParsableByteArrayTest.java;public void testReadEmptyString() ;public void testReadEmptyString() 
/home/arthur/analysis/projects/ExoPlayer/revisions/rev_69a42b6_6b59975/rev_69a42b6-6b59975.revisions;/library/src/androidTest/java/com/google/android/exoplayer/util/ParsableByteArrayTest.java;public void testReadSingleLineWithoutEndingTrail() ;public void testReadSingleLineWithoutEndingTrail() 
/home/arthur/analysis/projects/ExoPlayer/revisions/rev_69a42b6_6b59975/rev_69a42b6-6b59975.revisions;/library/src/androidTest/java/com/google/android/exoplayer/util/ParsableByteArrayTest.java;public void testReadSingleLineWithEndingLf() ;public void testReadSingleLineWithEndingLf() 
/home/arthur/analysis/projects/ExoPlayer/revisions/rev_69a42b6_6b59975/rev_69a42b6-6b59975.revisions;/library/src/androidTest/java/com/google/android/exoplayer/util/ParsableByteArrayTest.java;public void testReadTwoLinesWithLfFollowedByCr() ;public void testReadTwoLinesWithLfFollowedByCr() 
/home/arthur/analysis/projects/ExoPlayer/revisions/rev_69a42b6_6b59975/rev_69a42b6-6b59975.revisions;/library/src/androidTest/java/com/google/android/exoplayer/util/ParsableByteArrayTest.java;public void testReadThreeLinesWithEmptyLine() ;public void testReadThreeLinesWithEmptyLine() 
/home/arthur/analysis/projects/ExoPlayer/revisions/rev_69a42b6_6b59975/rev_69a42b6-6b59975.revisions;/library/src/androidTest/java/com/google/android/exoplayer/util/ParsableByteArrayTest.java;public void testReadFourLinesWithCrFollowedByLf() ;public void testReadFourLinesWithCrFollowedByLf() 
/home/arthur/analysis/projects/ExoPlayer/revisions/rev_69a42b6_6b59975/rev_69a42b6-6b59975.revisions;/library/src/main/java/com/google/android/exoplayer/text/webvtt/WebvttParserUtil.java;public static void validateWebvttHeaderLine(ParsableByteArray input) throws ParserException ;public static void validateWebvttHeaderLine(ParsableByteArray input) throws ParserException 
/home/arthur/analysis/projects/ExoPlayer/revisions/rev_69a42b6_6b59975/rev_69a42b6-6b59975.revisions;/library/src/main/java/com/google/android/exoplayer/text/webvtt/WebvttParserUtil.java;public static Matcher findNextCueHeader(ParsableByteArray input) ;public static Matcher findNextCueHeader(ParsableByteArray input) 
/home/arthur/analysis/projects/ExoPlayer/revisions/rev_e65110e_d79f8f6/rev_e65110e-d79f8f6.revisions;/library/src/main/java/com/google/android/exoplayer2/ui/PlaybackControlView.java;private boolean isAttachedToWindow;private boolean isAttachedToWindow
/home/arthur/analysis/projects/ExoPlayer/revisions/rev_e65110e_d79f8f6/rev_e65110e-d79f8f6.revisions;/library/src/main/java/com/google/android/exoplayer2/ui/PlaybackControlView.java;@TargetApi(11)  private void setViewAlphaV11(View view, float alpha) ;@TargetApi(11)  private void setViewAlphaV11(View view, float alpha) 
/home/arthur/analysis/projects/ExoPlayer/revisions/rev_2e7f9fb_0cacd38/rev_2e7f9fb-0cacd38.revisions;/library/src/main/java/com/google/android/exoplayer2/source/MediaPeriod.java;@Override  long getNextLoadPositionUs();@Override  long getNextLoadPositionUs()
/home/arthur/analysis/projects/ExoPlayer/revisions/rev_2e7f9fb_0cacd38/rev_2e7f9fb-0cacd38.revisions;/library/src/main/java/com/google/android/exoplayer2/source/MediaPeriod.java;@Override  boolean continueLoading(long positionUs);@Override  boolean continueLoading(long positionUs)
/home/arthur/analysis/projects/ExoPlayer/revisions/rev_e713ddc_cbffc14/rev_e713ddc-cbffc14.revisions;/library/core/src/main/java/com/google/android/exoplayer2/text/ttml/TtmlRegion.java;public final String id;public final String id
/home/arthur/analysis/projects/ExoPlayer/revisions/rev_e713ddc_cbffc14/rev_e713ddc-cbffc14.revisions;/library/core/src/main/java/com/google/android/exoplayer2/text/ttml/TtmlRegion.java;@Cue.AnchorType public final int lineAnchor;@Cue.AnchorType public final int lineAnchor
/home/arthur/analysis/projects/ExoPlayer/revisions/rev_e713ddc_cbffc14/rev_e713ddc-cbffc14.revisions;/library/core/src/main/java/com/google/android/exoplayer2/text/ttml/TtmlRegion.java;public TtmlRegion(String id) ;public TtmlRegion(String id) 
/home/arthur/analysis/projects/ExoPlayer/revisions/rev_e713ddc_cbffc14/rev_e713ddc-cbffc14.revisions;/library/core/src/main/java/com/google/android/exoplayer2/text/ttml/TtmlRegion.java;public TtmlRegion(String id, float position, float line, @Cue.LineType int lineType,      @Cue.AnchorType int lineAnchor, float width) ;public TtmlRegion(String id, float position, float line, @Cue.LineType int lineType,      @Cue.AnchorType int lineAnchor, float width) 
/home/arthur/analysis/projects/ExoPlayer/revisions/rev_e713ddc_cbffc14/rev_e713ddc-cbffc14.revisions;/library/core/src/main/java/com/google/android/exoplayer2/extractor/ogg/VorbisBitArray.java;private final int byteLimit;private final int byteLimit
/home/arthur/analysis/projects/ExoPlayer/revisions/rev_e713ddc_cbffc14/rev_e713ddc-cbffc14.revisions;/library/core/src/main/java/com/google/android/exoplayer2/extractor/ogg/VorbisBitArray.java;private void assertValidOffset() ;private void assertValidOffset() 
/home/arthur/analysis/projects/ExoPlayer/revisions/rev_e713ddc_cbffc14/rev_e713ddc-cbffc14.revisions;/library/core/src/androidTest/java/com/google/android/exoplayer2/trackselection/MappingTrackSelectorTest.java;private static final RendererCapabilities VIDEO_CAPABILITIES ;private static final RendererCapabilities VIDEO_CAPABILITIES 
/home/arthur/analysis/projects/ExoPlayer/revisions/rev_e713ddc_cbffc14/rev_e713ddc-cbffc14.revisions;/library/core/src/androidTest/java/com/google/android/exoplayer2/trackselection/MappingTrackSelectorTest.java;private static final RendererCapabilities AUDIO_CAPABILITIES ;private static final RendererCapabilities AUDIO_CAPABILITIES 
/home/arthur/analysis/projects/ExoPlayer/revisions/rev_e713ddc_cbffc14/rev_e713ddc-cbffc14.revisions;/library/core/src/androidTest/java/com/google/android/exoplayer2/trackselection/MappingTrackSelectorTest.java;private static final RendererCapabilities[] RENDERER_CAPABILITIES = new RendererCapabilities[] ;private static final RendererCapabilities[] RENDERER_CAPABILITIES = new RendererCapabilities[] 
/home/arthur/analysis/projects/ExoPlayer/revisions/rev_e713ddc_cbffc14/rev_e713ddc-cbffc14.revisions;/library/core/src/androidTest/java/com/google/android/exoplayer2/trackselection/MappingTrackSelectorTest.java;private static final TrackGroup VIDEO_TRACK_GROUP ;private static final TrackGroup VIDEO_TRACK_GROUP 
/home/arthur/analysis/projects/ExoPlayer/revisions/rev_e713ddc_cbffc14/rev_e713ddc-cbffc14.revisions;/library/core/src/androidTest/java/com/google/android/exoplayer2/trackselection/MappingTrackSelectorTest.java;private static final TrackGroup AUDIO_TRACK_GROUP ;private static final TrackGroup AUDIO_TRACK_GROUP 
/home/arthur/analysis/projects/ExoPlayer/revisions/rev_e713ddc_cbffc14/rev_e713ddc-cbffc14.revisions;/library/core/src/androidTest/java/com/google/android/exoplayer2/trackselection/MappingTrackSelectorTest.java;private static final TrackGroupArray TRACK_GROUPS ;private static final TrackGroupArray TRACK_GROUPS 
/home/arthur/analysis/projects/ExoPlayer/revisions/rev_e713ddc_cbffc14/rev_e713ddc-cbffc14.revisions;/library/core/src/androidTest/java/com/google/android/exoplayer2/trackselection/MappingTrackSelectorTest.java;private static final TrackSelection[] TRACK_SELECTIONS = new TrackSelection[] ;private static final TrackSelection[] TRACK_SELECTIONS = new TrackSelection[] 
/home/arthur/analysis/projects/ExoPlayer/revisions/rev_e713ddc_cbffc14/rev_e713ddc-cbffc14.revisions;/library/core/src/androidTest/java/com/google/android/exoplayer2/trackselection/MappingTrackSelectorTest.java;public void testMapping() throws ExoPlaybackException ;public void testMapping() throws ExoPlaybackException 
/home/arthur/analysis/projects/ExoPlayer/revisions/rev_e713ddc_cbffc14/rev_e713ddc-cbffc14.revisions;/library/core/src/androidTest/java/com/google/android/exoplayer2/trackselection/MappingTrackSelectorTest.java;public void testMappingReverseOrder() throws ExoPlaybackException ;public void testMappingReverseOrder() throws ExoPlaybackException 
/home/arthur/analysis/projects/ExoPlayer/revisions/rev_e713ddc_cbffc14/rev_e713ddc-cbffc14.revisions;/library/core/src/androidTest/java/com/google/android/exoplayer2/trackselection/MappingTrackSelectorTest.java;public void testMappingMulti() throws ExoPlaybackException ;public void testMappingMulti() throws ExoPlaybackException 
/home/arthur/analysis/projects/ExoPlayer/revisions/rev_e713ddc_cbffc14/rev_e713ddc-cbffc14.revisions;/library/core/src/androidTest/java/com/google/android/exoplayer2/trackselection/MappingTrackSelectorTest.java;public void testSelectTracks() throws ExoPlaybackException ;public void testSelectTracks() throws ExoPlaybackException 
/home/arthur/analysis/projects/ExoPlayer/revisions/rev_e713ddc_cbffc14/rev_e713ddc-cbffc14.revisions;/library/core/src/androidTest/java/com/google/android/exoplayer2/trackselection/MappingTrackSelectorTest.java;public void testSelectTracksWithNullOverride() throws ExoPlaybackException ;public void testSelectTracksWithNullOverride() throws ExoPlaybackException 
/home/arthur/analysis/projects/ExoPlayer/revisions/rev_e713ddc_cbffc14/rev_e713ddc-cbffc14.revisions;/library/core/src/androidTest/java/com/google/android/exoplayer2/trackselection/MappingTrackSelectorTest.java;public void testSelectTracksWithClearedNullOverride() throws ExoPlaybackException ;public void testSelectTracksWithClearedNullOverride() throws ExoPlaybackException 
/home/arthur/analysis/projects/ExoPlayer/revisions/rev_e713ddc_cbffc14/rev_e713ddc-cbffc14.revisions;/library/core/src/androidTest/java/com/google/android/exoplayer2/trackselection/MappingTrackSelectorTest.java;public void testSelectTracksWithNullOverrideForDifferentTracks() throws ExoPlaybackException ;public void testSelectTracksWithNullOverrideForDifferentTracks() throws ExoPlaybackException 
/home/arthur/analysis/projects/ExoPlayer/revisions/rev_e713ddc_cbffc14/rev_e713ddc-cbffc14.revisions;/library/core/src/androidTest/java/com/google/android/exoplayer2/trackselection/MappingTrackSelectorTest.java; /**  * A ; /**  * A 
/home/arthur/analysis/projects/ExoPlayer/revisions/rev_e713ddc_cbffc14/rev_e713ddc-cbffc14.revisions;/library/core/src/androidTest/java/com/google/android/exoplayer2/trackselection/MappingTrackSelectorTest.java;private final TrackSelection[] result;private final TrackSelection[] result
/home/arthur/analysis/projects/ExoPlayer/revisions/rev_e713ddc_cbffc14/rev_e713ddc-cbffc14.revisions;/library/core/src/androidTest/java/com/google/android/exoplayer2/trackselection/MappingTrackSelectorTest.java;private TrackGroupArray[] lastRendererTrackGroupArrays;private TrackGroupArray[] lastRendererTrackGroupArrays
/home/arthur/analysis/projects/ExoPlayer/revisions/rev_e713ddc_cbffc14/rev_e713ddc-cbffc14.revisions;/library/core/src/androidTest/java/com/google/android/exoplayer2/trackselection/MappingTrackSelectorTest.java;public FakeMappingTrackSelector(TrackSelection... result) ;public FakeMappingTrackSelector(TrackSelection... result) 
/home/arthur/analysis/projects/ExoPlayer/revisions/rev_e713ddc_cbffc14/rev_e713ddc-cbffc14.revisions;/library/core/src/androidTest/java/com/google/android/exoplayer2/trackselection/MappingTrackSelectorTest.java;@Override    protected TrackSelection[] selectTracks(RendererCapabilities[] rendererCapabilities,        TrackGroupArray[] rendererTrackGroupArrays, int[][][] rendererFormatSupports)        throws ExoPlaybackException ;@Override    protected TrackSelection[] selectTracks(RendererCapabilities[] rendererCapabilities,        TrackGroupArray[] rendererTrackGroupArrays, int[][][] rendererFormatSupports)        throws ExoPlaybackException 
/home/arthur/analysis/projects/ExoPlayer/revisions/rev_e713ddc_cbffc14/rev_e713ddc-cbffc14.revisions;/library/core/src/androidTest/java/com/google/android/exoplayer2/trackselection/MappingTrackSelectorTest.java;public void assertMappedTrackGroups(int rendererIndex, TrackGroup... expected) ;public void assertMappedTrackGroups(int rendererIndex, TrackGroup... expected) 
/home/arthur/analysis/projects/ExoPlayer/revisions/rev_e713ddc_cbffc14/rev_e713ddc-cbffc14.revisions;/library/core/src/androidTest/java/com/google/android/exoplayer2/trackselection/MappingTrackSelectorTest.java; /**  * A ; /**  * A 
/home/arthur/analysis/projects/ExoPlayer/revisions/rev_e713ddc_cbffc14/rev_e713ddc-cbffc14.revisions;/library/core/src/androidTest/java/com/google/android/exoplayer2/trackselection/MappingTrackSelectorTest.java;private final int trackType;private final int trackType
/home/arthur/analysis/projects/ExoPlayer/revisions/rev_e713ddc_cbffc14/rev_e713ddc-cbffc14.revisions;/library/core/src/androidTest/java/com/google/android/exoplayer2/trackselection/MappingTrackSelectorTest.java;public FakeRendererCapabilities(int trackType) ;public FakeRendererCapabilities(int trackType) 
/home/arthur/analysis/projects/ExoPlayer/revisions/rev_e713ddc_cbffc14/rev_e713ddc-cbffc14.revisions;/library/core/src/androidTest/java/com/google/android/exoplayer2/trackselection/MappingTrackSelectorTest.java;@Override    public int getTrackType() ;@Override    public int getTrackType() 
/home/arthur/analysis/projects/ExoPlayer/revisions/rev_e713ddc_cbffc14/rev_e713ddc-cbffc14.revisions;/library/core/src/androidTest/java/com/google/android/exoplayer2/trackselection/MappingTrackSelectorTest.java;@Override    public int supportsFormat(Format format) throws ExoPlaybackException ;@Override    public int supportsFormat(Format format) throws ExoPlaybackException 
/home/arthur/analysis/projects/ExoPlayer/revisions/rev_e713ddc_cbffc14/rev_e713ddc-cbffc14.revisions;/library/core/src/androidTest/java/com/google/android/exoplayer2/trackselection/MappingTrackSelectorTest.java;@Override    public int supportsMixedMimeTypeAdaptation() throws ExoPlaybackException ;@Override    public int supportsMixedMimeTypeAdaptation() throws ExoPlaybackException 
/home/arthur/analysis/projects/ExoPlayer/revisions/rev_e713ddc_cbffc14/rev_e713ddc-cbffc14.revisions;/library/core/src/main/java/com/google/android/exoplayer2/util/MimeTypes.java;public static final String AUDIO_MLAW ;public static final String AUDIO_MLAW 
/home/arthur/analysis/projects/ExoPlayer/revisions/rev_e713ddc_cbffc14/rev_e713ddc-cbffc14.revisions;/library/core/src/main/java/com/google/android/exoplayer2/util/MimeTypes.java;public static final String AUDIO_MSGSM ;public static final String AUDIO_MSGSM 
/home/arthur/analysis/projects/ExoPlayer/revisions/rev_e713ddc_cbffc14/rev_e713ddc-cbffc14.revisions;/library/core/src/main/java/com/google/android/exoplayer2/util/MimeTypes.java;public static final String AUDIO_UNKNOWN ;public static final String AUDIO_UNKNOWN 
/home/arthur/analysis/projects/ExoPlayer/revisions/rev_e713ddc_cbffc14/rev_e713ddc-cbffc14.revisions;/library/core/src/main/java/com/google/android/exoplayer2/video/MediaCodecVideoRenderer.java;@Override  protected void onOutputFormatChanged(MediaCodec codec, MediaFormat outputFormat) ;@Override  protected void onOutputFormatChanged(MediaCodec codec, MediaFormat outputFormat) 
/home/arthur/analysis/projects/ExoPlayer/revisions/rev_e713ddc_cbffc14/rev_e713ddc-cbffc14.revisions;/library/core/src/main/java/com/google/android/exoplayer2/video/MediaCodecVideoRenderer.java;private static boolean areAdaptationCompatible(boolean codecIsAdaptive, Format first,      Format second) ;private static boolean areAdaptationCompatible(boolean codecIsAdaptive, Format first,      Format second) 
/home/arthur/analysis/projects/ExoPlayer/revisions/rev_e713ddc_cbffc14/rev_e713ddc-cbffc14.revisions;/library/core/src/main/java/com/google/android/exoplayer2/extractor/DefaultExtractorsFactory.java;private @TsExtractor.Mode int tsMode;private @TsExtractor.Mode int tsMode
/home/arthur/analysis/projects/ExoPlayer/revisions/rev_e713ddc_cbffc14/rev_e713ddc-cbffc14.revisions;/library/core/src/main/java/com/google/android/exoplayer2/extractor/DefaultExtractorsFactory.java;public DefaultExtractorsFactory() ;public DefaultExtractorsFactory() 
/home/arthur/analysis/projects/ExoPlayer/revisions/rev_e713ddc_cbffc14/rev_e713ddc-cbffc14.revisions;/library/hls/src/main/java/com/google/android/exoplayer2/source/hls/HlsChunkSource.java;private HlsUrl expectedPlaylistUrl;private HlsUrl expectedPlaylistUrl
/home/arthur/analysis/projects/ExoPlayer/revisions/rev_e713ddc_cbffc14/rev_e713ddc-cbffc14.revisions;/library/core/src/main/java/com/google/android/exoplayer2/util/ParsableBitArray.java;public void skipBit() ;public void skipBit() 
/home/arthur/analysis/projects/ExoPlayer/revisions/rev_e713ddc_cbffc14/rev_e713ddc-cbffc14.revisions;/library/ui/src/main/java/com/google/android/exoplayer2/ui/TimeBar.java;void onScrubStart(TimeBar timeBar, long position);void onScrubStart(TimeBar timeBar, long position)
/home/arthur/analysis/projects/ExoPlayer/revisions/rev_e713ddc_cbffc14/rev_e713ddc-cbffc14.revisions;/library/core/src/main/java/com/google/android/exoplayer2/extractor/ogg/OggPacket.java;public void trimPayload() ;public void trimPayload() 
/home/arthur/analysis/projects/ExoPlayer/revisions/rev_e713ddc_cbffc14/rev_e713ddc-cbffc14.revisions;/library/core/src/main/java/com/google/android/exoplayer2/util/ParsableNalUnitBitArray.java;public void skipBit() ;public void skipBit() 
/home/arthur/analysis/projects/ExoPlayer/revisions/rev_e713ddc_cbffc14/rev_e713ddc-cbffc14.revisions;/library/ui/src/main/java/com/google/android/exoplayer2/ui/PlaybackControlView.java;@Override    public void onScrubStart(TimeBar timeBar, long position) ;@Override    public void onScrubStart(TimeBar timeBar, long position) 
/home/arthur/analysis/projects/ExoPlayer/revisions/rev_e713ddc_cbffc14/rev_e713ddc-cbffc14.revisions;/library/core/src/androidTest/java/com/google/android/exoplayer2/upstream/AssetDataSourceTest.java;private static final String DATA_PATH ;private static final String DATA_PATH 
/home/arthur/analysis/projects/ExoPlayer/revisions/rev_e713ddc_cbffc14/rev_e713ddc-cbffc14.revisions;/library/core/src/androidTest/java/com/google/android/exoplayer2/upstream/AssetDataSourceTest.java;public void testReadFileUri() throws Exception ;public void testReadFileUri() throws Exception 
/home/arthur/analysis/projects/ExoPlayer/revisions/rev_e713ddc_cbffc14/rev_e713ddc-cbffc14.revisions;/library/core/src/androidTest/java/com/google/android/exoplayer2/upstream/AssetDataSourceTest.java;public void testReadAssetUri() throws Exception ;public void testReadAssetUri() throws Exception 
/home/arthur/analysis/projects/ExoPlayer/revisions/rev_e713ddc_cbffc14/rev_e713ddc-cbffc14.revisions;/library/core/src/androidTest/java/com/google/android/exoplayer2/upstream/ContentDataSourceTest.java;private static final String AUTHORITY ;private static final String AUTHORITY 
/home/arthur/analysis/projects/ExoPlayer/revisions/rev_e713ddc_cbffc14/rev_e713ddc-cbffc14.revisions;/library/core/src/androidTest/java/com/google/android/exoplayer2/upstream/ContentDataSourceTest.java;private static final String DATA_PATH ;private static final String DATA_PATH 
/home/arthur/analysis/projects/ExoPlayer/revisions/rev_e713ddc_cbffc14/rev_e713ddc-cbffc14.revisions;/library/core/src/androidTest/java/com/google/android/exoplayer2/upstream/ContentDataSourceTest.java;public void testReadValidUri() throws Exception ;public void testReadValidUri() throws Exception 
/home/arthur/analysis/projects/ExoPlayer/revisions/rev_e713ddc_cbffc14/rev_e713ddc-cbffc14.revisions;/library/core/src/androidTest/java/com/google/android/exoplayer2/upstream/ContentDataSourceTest.java;public void testReadInvalidUri() throws Exception ;public void testReadInvalidUri() throws Exception 
/home/arthur/analysis/projects/ExoPlayer/revisions/rev_e713ddc_cbffc14/rev_e713ddc-cbffc14.revisions;/library/core/src/androidTest/java/com/google/android/exoplayer2/upstream/ContentDataSourceTest.java; /**  * A ; /**  * A 
/home/arthur/analysis/projects/ExoPlayer/revisions/rev_e713ddc_cbffc14/rev_e713ddc-cbffc14.revisions;/library/core/src/androidTest/java/com/google/android/exoplayer2/upstream/ContentDataSourceTest.java;@Override    public boolean onCreate() ;@Override    public boolean onCreate() 
/home/arthur/analysis/projects/ExoPlayer/revisions/rev_e713ddc_cbffc14/rev_e713ddc-cbffc14.revisions;/library/core/src/androidTest/java/com/google/android/exoplayer2/upstream/ContentDataSourceTest.java;@Override    public Cursor query(@NonNull Uri uri, String[] projection, String selection,        String[] selectionArgs, String sortOrder) ;@Override    public Cursor query(@NonNull Uri uri, String[] projection, String selection,        String[] selectionArgs, String sortOrder) 
/home/arthur/analysis/projects/ExoPlayer/revisions/rev_e713ddc_cbffc14/rev_e713ddc-cbffc14.revisions;/library/core/src/androidTest/java/com/google/android/exoplayer2/upstream/ContentDataSourceTest.java;@Override    public AssetFileDescriptor openAssetFile(@NonNull Uri uri, @NonNull String mode)        throws FileNotFoundException ;@Override    public AssetFileDescriptor openAssetFile(@NonNull Uri uri, @NonNull String mode)        throws FileNotFoundException 
/home/arthur/analysis/projects/ExoPlayer/revisions/rev_e713ddc_cbffc14/rev_e713ddc-cbffc14.revisions;/library/core/src/androidTest/java/com/google/android/exoplayer2/upstream/ContentDataSourceTest.java;@Override    public String getType(@NonNull Uri uri) ;@Override    public String getType(@NonNull Uri uri) 
/home/arthur/analysis/projects/ExoPlayer/revisions/rev_e713ddc_cbffc14/rev_e713ddc-cbffc14.revisions;/library/core/src/androidTest/java/com/google/android/exoplayer2/upstream/ContentDataSourceTest.java;@Override    public Uri insert(@NonNull Uri uri, ContentValues values) ;@Override    public Uri insert(@NonNull Uri uri, ContentValues values) 
/home/arthur/analysis/projects/ExoPlayer/revisions/rev_e713ddc_cbffc14/rev_e713ddc-cbffc14.revisions;/library/core/src/androidTest/java/com/google/android/exoplayer2/upstream/ContentDataSourceTest.java;@Override    public int delete(@NonNull Uri uri, String selection,        String[] selectionArgs) ;@Override    public int delete(@NonNull Uri uri, String selection,        String[] selectionArgs) 
/home/arthur/analysis/projects/ExoPlayer/revisions/rev_e713ddc_cbffc14/rev_e713ddc-cbffc14.revisions;/library/core/src/androidTest/java/com/google/android/exoplayer2/upstream/ContentDataSourceTest.java;@Override    public int update(@NonNull Uri uri, ContentValues values,        String selection, String[] selectionArgs) ;@Override    public int update(@NonNull Uri uri, ContentValues values,        String selection, String[] selectionArgs) 
/home/arthur/analysis/projects/ExoPlayer/revisions/rev_e713ddc_cbffc14/rev_e713ddc-cbffc14.revisions;/library/core/src/androidTest/java/com/google/android/exoplayer2/util/ParsableBitArrayTest.java;private static final byte[] TEST_DATA = new byte[] ;private static final byte[] TEST_DATA = new byte[] 
/home/arthur/analysis/projects/ExoPlayer/revisions/rev_e713ddc_cbffc14/rev_e713ddc-cbffc14.revisions;/library/core/src/androidTest/java/com/google/android/exoplayer2/util/ParsableBitArrayTest.java;public void testReadAllBytes() ;public void testReadAllBytes() 
/home/arthur/analysis/projects/ExoPlayer/revisions/rev_e713ddc_cbffc14/rev_e713ddc-cbffc14.revisions;/library/core/src/androidTest/java/com/google/android/exoplayer2/util/ParsableBitArrayTest.java;public void testReadBit() ;public void testReadBit() 
/home/arthur/analysis/projects/ExoPlayer/revisions/rev_e713ddc_cbffc14/rev_e713ddc-cbffc14.revisions;/library/core/src/androidTest/java/com/google/android/exoplayer2/util/ParsableBitArrayTest.java;public void testReadBits() ;public void testReadBits() 
/home/arthur/analysis/projects/ExoPlayer/revisions/rev_e713ddc_cbffc14/rev_e713ddc-cbffc14.revisions;/library/core/src/androidTest/java/com/google/android/exoplayer2/util/ParsableBitArrayTest.java;public void testRead32BitsByteAligned() ;public void testRead32BitsByteAligned() 
/home/arthur/analysis/projects/ExoPlayer/revisions/rev_e713ddc_cbffc14/rev_e713ddc-cbffc14.revisions;/library/core/src/androidTest/java/com/google/android/exoplayer2/util/ParsableBitArrayTest.java;public void testRead32BitsNonByteAligned() ;public void testRead32BitsNonByteAligned() 
/home/arthur/analysis/projects/ExoPlayer/revisions/rev_e713ddc_cbffc14/rev_e713ddc-cbffc14.revisions;/library/core/src/androidTest/java/com/google/android/exoplayer2/util/ParsableBitArrayTest.java;public void testSkipBytes() ;public void testSkipBytes() 
/home/arthur/analysis/projects/ExoPlayer/revisions/rev_e713ddc_cbffc14/rev_e713ddc-cbffc14.revisions;/library/core/src/androidTest/java/com/google/android/exoplayer2/util/ParsableBitArrayTest.java;public void testSkipBitsByteAligned() ;public void testSkipBitsByteAligned() 
/home/arthur/analysis/projects/ExoPlayer/revisions/rev_e713ddc_cbffc14/rev_e713ddc-cbffc14.revisions;/library/core/src/androidTest/java/com/google/android/exoplayer2/util/ParsableBitArrayTest.java;public void testSkipBitsNonByteAligned() ;public void testSkipBitsNonByteAligned() 
/home/arthur/analysis/projects/ExoPlayer/revisions/rev_e713ddc_cbffc14/rev_e713ddc-cbffc14.revisions;/library/core/src/androidTest/java/com/google/android/exoplayer2/util/ParsableBitArrayTest.java;public void testSetPositionByteAligned() ;public void testSetPositionByteAligned() 
/home/arthur/analysis/projects/ExoPlayer/revisions/rev_e713ddc_cbffc14/rev_e713ddc-cbffc14.revisions;/library/core/src/androidTest/java/com/google/android/exoplayer2/util/ParsableBitArrayTest.java;public void testSetPositionNonByteAligned() ;public void testSetPositionNonByteAligned() 
/home/arthur/analysis/projects/ExoPlayer/revisions/rev_e713ddc_cbffc14/rev_e713ddc-cbffc14.revisions;/library/core/src/androidTest/java/com/google/android/exoplayer2/util/ParsableBitArrayTest.java;public void testByteAlignFromNonByteAligned() ;public void testByteAlignFromNonByteAligned() 
/home/arthur/analysis/projects/ExoPlayer/revisions/rev_e713ddc_cbffc14/rev_e713ddc-cbffc14.revisions;/library/core/src/androidTest/java/com/google/android/exoplayer2/util/ParsableBitArrayTest.java;public void testByteAlignFromByteAligned() ;public void testByteAlignFromByteAligned() 
/home/arthur/analysis/projects/ExoPlayer/revisions/rev_e713ddc_cbffc14/rev_e713ddc-cbffc14.revisions;/library/core/src/androidTest/java/com/google/android/exoplayer2/util/ParsableBitArrayTest.java;private static void assertReadBitsToEnd(int expectedStartPosition, ParsableBitArray testArray) ;private static void assertReadBitsToEnd(int expectedStartPosition, ParsableBitArray testArray) 
/home/arthur/analysis/projects/ExoPlayer/revisions/rev_e713ddc_cbffc14/rev_e713ddc-cbffc14.revisions;/library/core/src/androidTest/java/com/google/android/exoplayer2/util/ParsableBitArrayTest.java;private static int getTestDataBits(int bitPosition, int length) ;private static int getTestDataBits(int bitPosition, int length) 
/home/arthur/analysis/projects/ExoPlayer/revisions/rev_e713ddc_cbffc14/rev_e713ddc-cbffc14.revisions;/library/core/src/androidTest/java/com/google/android/exoplayer2/util/ParsableBitArrayTest.java;private static boolean getTestDataBit(int bitPosition) ;private static boolean getTestDataBit(int bitPosition) 
/home/arthur/analysis/projects/ExoPlayer/revisions/rev_e713ddc_cbffc14/rev_e713ddc-cbffc14.revisions;/library/core/src/main/java/com/google/android/exoplayer2/mediacodec/MediaCodecInfo.java;private static int adjustMaxInputChannelCount(String name, String mimeType, int maxChannelCount) ;private static int adjustMaxInputChannelCount(String name, String mimeType, int maxChannelCount) 
/home/arthur/analysis/projects/ExoPlayer/revisions/rev_e713ddc_cbffc14/rev_e713ddc-cbffc14.revisions;/testutils/src/main/java/com/google/android/exoplayer2/testutil/TestUtil.java;public static void assertDataSourceContent(DataSource dataSource, DataSpec dataSpec,      byte[] expectedData) throws IOException ;public static void assertDataSourceContent(DataSource dataSource, DataSpec dataSpec,      byte[] expectedData) throws IOException 
/home/arthur/analysis/projects/ExoPlayer/revisions/rev_e713ddc_cbffc14/rev_e713ddc-cbffc14.revisions;/library/core/src/main/java/com/google/android/exoplayer2/upstream/cache/CacheDataSourceFactory.java;public CacheDataSourceFactory(Cache cache, DataSource.Factory upstreamFactory) ;public CacheDataSourceFactory(Cache cache, DataSource.Factory upstreamFactory) 
/home/arthur/analysis/projects/ExoPlayer/revisions/rev_e713ddc_cbffc14/rev_e713ddc-cbffc14.revisions;/library/hls/src/androidTest/java/com/google/android/exoplayer2/source/hls/playlist/HlsMasterPlaylistParserTest.java;private static final String AVG_BANDWIDTH_MASTER_PLAYLIST ;private static final String AVG_BANDWIDTH_MASTER_PLAYLIST 
/home/arthur/analysis/projects/ExoPlayer/revisions/rev_e713ddc_cbffc14/rev_e713ddc-cbffc14.revisions;/library/hls/src/androidTest/java/com/google/android/exoplayer2/source/hls/playlist/HlsMasterPlaylistParserTest.java;private static final String MASTER_PLAYLIST_WITHOUT_CC ;private static final String MASTER_PLAYLIST_WITHOUT_CC 
/home/arthur/analysis/projects/ExoPlayer/revisions/rev_e713ddc_cbffc14/rev_e713ddc-cbffc14.revisions;/library/hls/src/androidTest/java/com/google/android/exoplayer2/source/hls/playlist/HlsMasterPlaylistParserTest.java;public void testMasterPlaylistWithBandwdithAverage() throws IOException ;public void testMasterPlaylistWithBandwdithAverage() throws IOException 
/home/arthur/analysis/projects/ExoPlayer/revisions/rev_e713ddc_cbffc14/rev_e713ddc-cbffc14.revisions;/library/hls/src/androidTest/java/com/google/android/exoplayer2/source/hls/playlist/HlsMasterPlaylistParserTest.java;public void testPlaylistWithoutClosedCaptions() throws IOException ;public void testPlaylistWithoutClosedCaptions() throws IOException 
